Workbook

Sheet During Experiment
A1: Subject | B1: 1. Welches Thema | C1: 1. Verwirrt? | D1: 1. gennante RN/AN | E1: 1.Code | F1: 1. gezeigte RN/AN | G1: 2. Welches Thema | H1: 2. Verwirrt? | I1: 2. gennante RN/AN | J1: 2.Code | K1: 2. gezeigte RN/AN | L1: 3. Welches Thema | M1: 3. Verwirrt? | N1: 3. gennante RN/AN | O1: 3.Code | P1: 3. gezeigte RN/AN | Q1: 4. Welches Thema | R1: 4. Verwirrt? | S1: 4. gennante RN/AN | T1: 4.Code | U1: 4. gezeigte RN/AN | V1: 5. Welches Thema | W1: 5. Verwirrt? | X1: 5. gennante RN/AN | Y1: 5.Code | Z1: 5. gezeigte RN/AN | AA1: 6. Welches Thema | AB1: 6. Verwirrt? | AC1: 6. gennante RN/AN | AD1: 6. gezeigte RN/AN | AE1: 7. Welches Thema | AF1: 7. Verwirrt? | AG1: 7. gennante RN/AN | AH1: 7. gezeigte RN/AN | AI1: 8. Welches Thema | AJ1: 8. Verwirrt? | AK1: 8. gennante RN/AN | AL1: 8. gezeigte RN/AN | AM1: 9. Welches Thema | AN1: 9. Verwirrt? | AO1: 9. gennante RN/AN | AP1: 9. gezeigte RN/AN | AQ1: 10. Welches Thema | AR1: 10. Verwirrt? | AS1: 10. gennante RN/AN | AT1: 10. gezeigte RN/AN | AU1: 11. Welches Thema | AV1: 11. Verwirrt? | AW1: 11. gennante RN/AN | AX1: 11. gezeigte RN/AN | AY1: 12. Welches Thema | AZ1: 12. Verwirrt? | BA1: 12. gennante RN/AN | BB1: 12. gezeigte RN/AN | BC1: 13. Welches Thema | BD1: 13. Verwirrt? | BE1: 13. gennante RN/AN | BF1: 13. gezeigte RN/AN | BG1: 14. Welches Thema | BH1: 14. Verwirrt? | BI1: 14. gennante RN/AN | BJ1: 14. gezeigte RN/AN | BK1: 15. Welches Thema | BL1: 15. Verwirrt? | BM1: 15. gennante RN/AN | BN1: 15. gezeigte RN/AN | BO1: 16. Welches Thema | BP1: 16. Verwirrt? | BQ1: 16. gennante RN/AN | BR1: 16. gezeigte RN/AN | BS1: 17. Welches Thema | BT1: 17. Verwirrt? | BU1: 17. gennante RN/AN | BV1: 17. gezeigte RN/AN | BW1: 18. Welches Thema | BX1: 18. Verwirrt? | BY1: 18. gennante RN/AN | BZ1: 18. gezeigte RN/AN
A2: 1 | B2: Impfsituationen im Krankenhaus krankenschwestern wolten sich dagegen einsetzen | C2: N | D2: Krankenschwestern | E2: C4 | F2: Krankenschwestern/Frauen | G2: gesprächsrunde gesundheitswesen, pfleger wollen unterstützung frauen haben ein problem | H2: N | I2: Pfleger | J2: C2 | K2: Pfleger/Frauen | L2: gesellschaftliche entwicklung experten wollen das fördern nicht sicher wies weiter geht | M2: N | N2: Experten | O2: C2 | P2: Experten/Frauen | Q2: innere sicherheit einwohner wollen diskutieren frauen wollen härtere maßnahmen hat nicht allen gefallen | R2: N | S2: Einwohner/Frauen | T2: C2 | U2: Einwohner/Frauen | V2: arbeitsbedingungen männer wollten klima und bessere arbeitsbedungen aber wollten auch weniger arbeiten | W2: N | X2: Männer | Y2: C5 | Z2: Arbeitnehmer*innen/Männer | AA2: diskussion im rathaus verkehr polizisten wollen strengere kontrollen frauen lehnen das ab | AB2: N | AC2: Polizisten/Frauen | AD2: Polizist*innen/Frauen | AE2: networking event weniger hürden frauen forderen aber gab auch ne downside wird weiter diskutiert | AF2: N | AG2: Frauen | AH2: Unternehmerinnen/Frauen | AI2: mobilität ingenieure wollen besseren ausbau öpnv aber frauen lehnen ab | AJ2: N | AK2: Ingenieure/Frauen | AL2: Ingenieur*innen/Frauen | AM2: sicherheit und gesellschaftlicher zusammenheit die einwohner wollen ne sichere perspektive aber männer sind unsicher damit | AN2: J | AO2: Einwohner/Männer | AP2: Einwohner/Männern | AQ2: entwicklung der firma und gesellschaftliche herausforderungen sehen es optimisitisch | AR2: N | AS2: - | AT2: Experten/Männer | AU2: öffentliche veranstaltungen diskussionen und gucken ob es bessere wohnungspreise gibt, männer sehen verpflichung beim bund, wird noch geprüft | AV2: N | AW2: Männer | AX2: Aktivist*innen/Männer | AY2: bewertungen an schulen und unis und die männer sehen ein problem und fordern kritik von den eltern | AZ2: N | BA2: Männer | BB2: Dozentinnen/Männer | BC2: öffnetliche veranstaltung und dozenten setzten sich für mehr geld ein und männer sind dagegen | BD2: N | BE2: Dozenten/Männer | BF2: Professorinnen/Männer | BG2: konferenz zu bildungsfragen und lehrerinnen werden gedrängt mehr disziplin umzusetzen die frauen haben aber ein problem damit | BH2: N | BI2: Lehrerinnen/Frauen | BJ2: Lehrer*innen/Frauen | BK2: podiumsdisskussion gehts um gesellschaftliche themen studenten sollen leistungsorienteiert sein männer sind dagegen | BL2: N | BM2: Studenten/Männer | BN2: Studenten/Männer | BO2: bei gewerkschaftsveranstaltung löhne maßnahmen männer wollen bessere bedingungen und frauen haben ein problem | BP2: J | BQ2: Männer/Frauen | BR2: Arbeitnehmer*innen/Frauen | BS2: univeranstaltung werden rüstungssachen diskuttiert mehrheit der expertinnen ist dafür frauen dagegn | BT2: N | BU2: Expertinnen/Frauen | BV2: Expertinnen/Frauen | BW2: wissenschaftliche konferenz über zukunftsfragen haben problem mit zukunftsfragen wird weiter diskutiert | BX2: N | BY2: - | BZ2: Ingenieurinnen/Männer
A3: 2 | B3: aktivistinnen die verantwortlichkeiten produziern | C3: J | D3: Aktivistinnen | E3: C6 | F3: Aktivist*innen/Frauen | G3: gewerkschaftssituation die ungerecht ist | H3: N | I3: - | J3: C1 | K3: Arbeitnehmer/Männer | L3: diskussion im Rathaus | M3: J | N3: - | O3: C1 | P3: Polizisten/Männer | Q3: verwirrt mit frauen die sich interessiern in einem unternehmen | R3: J | S3: Frauen | T3: C2 | U3: Experten/Frauen | V3: verwirrt energiewende und engargement mancher ingenierinnen | W3: J | X3: Ingenieurinnen | Y3: C4 | Z3: Ingenieurinnen/Frauen | AA3: reformen die von einwhnern besprochen werden | AB3: J | AC3: Einwohner | AD3: Einwohner/Frauen | AE3: ablehnen hörerer löhne im gesundheitssektor | AF3: N | AG3: - | AH3: Pflegerinnen/Männer | AI3: schultechnkischer zwiespalt zwischen dozentinnen und eltern | AJ3: J | AK3: Dozentinnen | AL3: Dozentinnen/Frauen | AM3: ausbau öffentlicher infrastruktur und deren schwierigkeiten | AN3: N | AO3: - | AP3: Ingenieur*innen/Frauen | AQ3: diskussionen über öffentliche sicherheit | AR3: J | AS3: - | AT3: Einwohnerinnen/Männer | AU3: wirtschaftlicher einfluss von steuererhöhung | AV3: J | AW3: - | AX3: Unternehmer*innen/Männer | AY3: werbung von rüstungsindustie an universitären städten | AZ3: J | BA3: - | BB3: Expert*innen/Männern | BC3: impfen und deren gesellschaftliche haltung diesbezüglich | BD3: N | BE3: - | BF3: Krankenpfleger*innen/Männer | BG3: leistungsorientierte förderung in universitäten | BH3: N | BI3: - | BJ3: Studenten/Frauen | BK3: ablehnen von weiteren forschungsgeldern an unis (diese frauen aufgeregt gesagt) | BL3: N | BM3: Frauen | BN3: Professorinnen/Frauen | BO3: bildungspolitische frage über mehr disziplin im unterricht | BP3: N | BQ3: - | BR3: Lehrer/Männer | BS3: investitionen und langfristige entwicklungen | BT3: J | BU3: - | BV3: Expertinnen/Männer | BW3: bedürfnisse von arbeitskräften | BX3: N | BY3: Arbeitskräfte | BZ3: Arbeitnehmer*innen/Frauen
A4: 3 | B4: zwei verschiedene themen bessere arbeitsbedingungen und dann um konsequenzen | C4: N | D4: - | E4: C1 | F4: Arbeitnehmer/Männer | G4: ausbau der öpnv ubnd danach männer den vorschlag ablehenen | H4: N | I4: Männer | J4: C1 | K4: Ingenieure/Männer | L4: innere sicherheit und wie die aktuelle kriese behoben werden kann aber es gab unverstännis es gab kein ziel es wurde nicht besprochen was die kriese ist | M4: N | N4: - | O4: C4 | P4: Einwohnerinnen/Frauen | Q4: es wurden arbeitsbedingungen angesprochen, diskussionsfreudige frauen sehen die strukturellen probleme in der gewerkschaft | R4: N | S4: Frauen | T4: C2 | U4: Arbeitnehmer/Frauen | V4: bessere arbeitsbedingungen und pflegerinnen verdienen bessere aber von der politik unterstuzt werden sollten | W4: J | X4: Pflegerinnen | Y4: C4 | Z4: Pflegerinnen/Frauen | AA4: studentinnen leistungsorientiert gefördert werden sollten aber mehrheit der männer sehen das als kritisch an | AB4: N | AC4: Studentinnen/Männer | AD4: Studentinnen/Männer | AE4: gefordert dass lehrer mehr auf disziplin achten und mehr in den unterricht miteinbringen aber frauen sheen das kritisch aus pädagogischen gründen | AF4: N | AG4: Lehrer/Frauen | AH4: Lehrer/Frauen | AI4: die expertinnen fordern langfristige entwicklung aber dann wird von diesen frauen gesprochen und dass sie es kritisch sehen | AJ4: N | AK4: Expertinnen/Frauen | AL4: Expertinnen/Frauen | AM4: krankenpflegerinnen die sich von folgen von covid merh unterstützung wollen aber frauen weisen ab | AN4: N | AO4: Krankenpflegerinnen/Frauen | AP4: Krankenpfleger*innen/Frauen | AQ4: rüstungsindustrie aber experinnen sehen dass mehr rüstungspolitik aufrüstung investiert wird aber frauen sehen das anders | AR4: N | AS4: Expertinnen/Frauen | AT4: Expert*innen/Frauen | AU4: diskutiert über forschungsgelder die professorinnen fordern für hochschulen aber vorschlag wird von männern abgelehnt | AV4: N | AW4: Professorinnen/Männer | AX4: Professor*innen/Männer | AY4: wirtschaftliche entwicklungen und herausforderungen nächstes geschäftsjahr aber diese männer sehen optimistisch | AZ4: N | BA4: Männer | BB4: Expertinnen/Männer | BC4: aktivisten fordern mehr bezahlbaren wohnraum in stuttgart aber männer sehen verantwortung beim bund | BD4: N | BE4: Männer | BF4: Aktivisten/Männer | BG4: zwei verschiedene themen wünschen sich unternehmer bürokratischer abbau aber frauen wünschen sich steuerliche entlastung | BH4: N | BI4: Unternehmer/Frauen | BJ4: Unternehmer*innen/Frauen | BK4: dozentinnen fordern höhere leistungsorientierung und strengere noten aber männer stoßen auf gegendruck der eltern | BL4: N | BM4: Dozentinnen/Männer | BN4: Dozent*innen/Männer | BO4: politische reformen und zusammenhalt einwohner wollen mehr aber männer sehen problem im system | BP4: J | BQ4: Männer | BR4: Einwohnerinnen/Männern | BS4: polizistinnen fordern strengere kontorllen aber frauen sehe das anders und lehen vorschlag ab | BT4: N | BU4: Polizistinnen/Frauen | BV4: Polizisten/Frauen | BW4: die ingenieurinnen kritisieren energiewende aber männer bleiben optimistich und sehen andere probleme | BX4: N | BY4: Ingenieurinnen/Männer | BZ4: Ingenieur*innen/Männer
A5: 4 | B5: sicherheit | C5: J | D5: - | E5: C5 | F5: Einwohner*innen/Männer | G5: writschaftliche entwicklung bei einem sommerfest | H5: N | I5: - | J5: C4 | K5: Expertinnen/Frauen | L5: icherheit und frauen sich zu dem tehma mehr wünschen | M5: N | N5: Frauen | O5: C4 | P5: Einwohnerinnen/Frauen | Q5: weniger bürokratische hürden männer wollen steuerentlastung | R5: N | S5: Männer | T5: C1 | U5: Unternehmer/Männer | V5: schulische fragen und lehrer sollen auf disziplin setze männer lehnen ab | W5: N | X5: Männer | Y5: C3 | Z5: Lehrerinnen/Männer | AA5: neue regeln zur verkehrssicherheit aber gruppe von männern lehnt ab | AB5: N | AC5: Männer | AD5: Polizistinnen/Männer | AE5: wohnung und politische themen aktivisten wollen mehr wohnraum aber eine gruppe sieht verantwortung beim bund | AF5: N | AG5: - | AH5: Aktivisten/Frauen | AI5: impfreformen langzeit von corona männer lehnen ab | AJ5: N | AK5: Männer | AL5: Krankenpfleger/Männer | AM5: energiewende und herausforderungen von ingenieuren eine gruppe lehnt ab | AN5: N | AO5: Ingenieure | AP5: Ingenieur*innen/Frauen | AQ5: leistungsorientierung an den universitäten aber frauen lehnen ab | AR5: N | AS5: Frauen | AT5: Studentinnen/Frauen | AU5: dozenten fördern höheres leistungsniveau wird aber von eltern abgelehnt | AV5: N | AW5: Dozenten | AX5: Dozent*innen/Frauen | AY5: gespräch im gesundheitswesen und mitarbeiter brauchen mehr unterstützung | AZ5: J | BA5: Mitarbeiter | BB5: Pfleger*innen/Männer | BC5: arbeitnehmerrechte arbeitsbedinungen | BD5: J | BE5: - | BF5: Arbeitnehmerinnen/Männer | BG5: infrastuktur ausbau öpnv | BH5: N | BI5: - | BJ5: Ingenieure/Frauen | BK5: an universitäte aufrüstung von deutschland | BL5: J | BM5: - | BN5: Experten/Männern | BO5: arbeitsbedingungen | BP5: N | BQ5: - | BR5: Arbeitnerhmer/Frauen | BS5: forschungsförderung und dozenten setzen sich für mehr fördergelder ein | BT5: N | BU5: Dozenten | BV5: Professor*innen/Frauen | BW5: investitionen und langfristige entwicklungen | BX5: N | BY5: - | BZ5: Expert*innen/Männer
A6: 5 | B6: öffentliche veranstaltungen | C6: N | D6: - | E6: C6 | F6: Expert*innen/Frauen | G6: politische wohnraumsituation | H6: J | I6: - | J6: C3 | K6: Aktivistinnen/Männer | L6: innere sicherheit | M6: N | N6: - | O6: C6 | P6: Einwohner*innen/Frauen | Q6: bei einem sommerfest wirtschaftliche herausfordereungen von nächstem jahr | R6: N | S6: - | T6: C5 | U6: Expert*innen/Männer | V6: impfreform und darum ob langzeit corona fälle mehr unterstützung erhalten | W6: N | X6: - | Y6: C2 | Z6: Krankenpfleger/Frauen | AA6: veranstaltung wo besprochen wird ob deutschland mehr aufgerüstet werden muss | AB6: N | AC6: - | AD6: Experten/Frauen | AE6: gesellschaftliche herausforderung der krankenhaussituation pflegerinnen sollen besser beazhlt werden | AF6: N | AG6: - | AH6: Pfleger*innen/Frauen | AI6: ausbau staßennetze und mobilität und vorgeschlagen wird das ganze nachhaltig zu gestalten | AJ6: N | AK6: - | AL6: Ingenieurinnen/Männer | AM6: bei einem wirtschaftstreffen geht es um die diskussion die bürokratie zu senken und dass es entlasungen geben soll | AN6: J | AO6: - | AP6: Unternehmer/Frauen | AQ6: es geht um eine wissenschaftliche konferenz in der zukunftsfragen gestellt werden und ingenieure setzen sich | AR6: J | AS6: Ingenieure | AT6: Ingenieure/Männer | AU6: es geht um eine schulische tagung dozenten fordern bewertungen leistungsorientierter und eltern die das nicht wollen | AV6: N | AW6: Dozenten | AX6: Dozenten/Männer | AY6: es geht bei einer geschäftsveranstaltung um die diskussion um arbeitsniveaus und es wird gefordert dass man klimatisierte arbeitsplätze hat und mehr gehalt | AZ6: N | BA6: - | BB6: Arbeitnehmerinnen/Männer | BC6: öffentliche veranstaltung diskuttiert um forschungsgelder und professoren fordern dass das ganze erhört wird | BD6: N | BE6: Professoren | BF6: Professoren/Männer | BG6: bei einer gewerksschaftsveranstalung wird über arbeitsbedingungen und löhne diskutiert arbeitnehmerinnen sehen strukturelle probleme | BH6: N | BI6: Arbeitnehmerinnen | BJ6: Arbeitnehmerinnen/Männer | BK6: es wird bei einer öffentlichen veranstaltung über sicherheit und ding diskutiert und die anwohnerinnen wollen stoßen auf wiederstand | BL6: J | BM6: Anwohnerinnen | BN6: Einwohner*innen/Männern | BO6: es wird bei einer öffentlichen veranstaltung über sicherheit und ding diskutiert und die anwohnerinnen wollen stoßen auf wiederstand | BP6: N | BQ6: Studenten/Männer | BR6: Student*innen/Männer | BS6: bei einer öffentlichen sitzung im rathaus verkehsregeln polizisten wollen bessere durchführung | BT6: J | BU6: Polizisten | BV6: Polizistinnen/Frauen | BW6: bei einer konferenz wird über bildungsfragen geredet lehrerinnen wollen mehr disziplin und lehrerinnen wehren sich | BX6: N | BY6: Lehrerinnen | BZ6: Lehrerinnen/Frauen
A7: 6 | B7: um ein wirtschaftsevent bei dem es unternehmerinnen gab die was gefordert haben | C7: N | D7: - | E7: C3 | F7: Unternehmerinnen/Männer | G7: eine schulische tagung da haben lehrerinnen eine strengere notenvergabe gefordert und die eltern waren dagegen | H7: N | I7: Lehrerinnen | J7: C2 | K7: Dozenten/Frauen | L7: eine städtische plaungsrunde ingenieurinnen haben sich für eine art ausbau ausgebsprochen aber fraue n haben das abgeleht | M7: N | N7: Ingenieurinnen/Frauen | O7: C4 | P7: Ingenieurinnen/Frauen | Q7: eine öffentliche veranstaltung und aktivistinnen zahlen bezahlbaren wohnruam aber sehen verantwortung beim bund | R7: N | S7: Aktivistinnen | T7: C4 | U7: Aktivistinnen/Frauen | V7: eine bildungskonferenz dabei gings darum das lehrerinnen mehr auf disziplin setzen sollen aber haben es abgelehnt | W7: N | X7: Lehrerinnen | Y7: C5 | Z7: Lehrer*innen/Männer | AA7: diskussion an uni studentinnen müssen stärker gefördert werden aber die meisten haben das abgelehnt | AB7: N | AC7: Studentinnen | AD7: Student*innen/Frauen | AE7: eine öffentliche veranstaltung professoren setzen sich ein für mehr förderungen aber frauen lehnen das ab | AF7: N | AG7: Professoren/Frauen | AH7: Professoren/Frauen | AI7: öffentliche sitzung im rathaus verkehrssicherheit polizistinnen wollen mehr männer sind dagegen | AJ7: N | AK7: Polizistinnen/Männer | AL7: Polizist*innen/Männer | AM7: öffentliche veranstaltung über politischen zusammenhalt und einwohnerinen die sich einsetzten und frauen sehen problem im system | AN7: N | AO7: Einwohnerinnen/Frauen | AP7: Einwohner*innen/Frauen | AQ7: gewerkschaftsveranstaltung gewerkschafter fordern höhere löhne aber sehen problem im system | AR7: N | AS7: Gewerkschafter | AT7: Arbeitnehmer*innen/Männer | AU7: es geht um eine gesprächsrunde über pflegerinnen und die wollen bessere arbeitsbedingungen aber die fühlen sich nicht unterstütz politisch | AV7: J | AW7: Pflegerinnen | AX7: Pfleger/Männer | AY7: es ging um eine informationsveranstaltung krankenschwestern wollen mehr unterstützung und männer haben das abgelehnt | AZ7: N | BA7: Krankenschwestern/Männer | BB7: Krankenschwestern/Männer | BC7: eine konferenz um zukunftsfragen und frauen wollen das nicht ingenieure | BD7: N | BE7: Ingenieure/Frauen | BF7: Ingenieure/Frauen | BG7: es ging um eine infoveranstaltung experten haben vorschläge gemacht aber kritisieren vorschläge davon | BH7: N | BI7: Experten | BJ7: Experten/Männer | BK7: geschäftsveranstaltung zu arbeitsbedingungen und arbeiterinnen wohllen bessere arbeitsbedinungen und gleichzeitig weniger arbeiten | BL7: N | BM7: Arbeiterinnen | BN7: Arbeitnehmerinnen/Frauen | BO7: eine öffentliche veranstaltung über sicherheit die einwohner diskutieren und die männer wollen härtere maßnahmen | BP7: N | BQ7: Einwohner/Männer | BR7: Einwohner/Männer | BS7: es ging um eine uni veranstaltung die expertinnen sehen mehr rüstungsindustire für nötig aber irgendwelcfhe männer lehnen das ab | BT7: N | BU7: Expertinnen/Männer | BV7: Expertinnen/Männern | BW7: ein sommerfest und die haben über wirtschaft und experten sehen schwierigkeiten aber sehen das auch für zuversichtlich | BX7: N | BY7: Experten | BZ7: Expert*innen/Frauen
A8: 7 | B8: tagung | C8: J | D8: - | E8: C2 | F8: Einwohner/Frauen | G8: townhall wo sicherheitsmaßnahmen diskuttiert wurden | H8: N | I8: - | J8: C1 | K8: Einwohner/Männern | L8: konferenz zu bildungsfragen wo härtere maßnahmen bei schulern diskutiert wurde was teilweise abgelehnt wurde | M8: N | N8: - | O8: C6 | P8: Lehrer*innen/Frauen | Q8: tädtische planungsrunde wo diskutiert wurde über öpnv | R8: N | S8: - | T8: C5 | U8: Ingenieur*innen/Männer | V8: öffentliche sitzung im rathaus wo verkehrsregelungen diskutiert wurden | W8: N | X8: - | Y8: C6 | Z8: Polizist*innen/Frauen | AA8: förderung von hochschulen die öffentlich debattiert wurde, ob es mehr oder weniger gelder geben soll | AB8: N | AC8: - | AD8: Professorinnen/Männer | AE8: diskussion zu zukunftsfragen in der technik ob energiewende kommen soll oder nicht | AF8: N | AG8: - | AH8: Ingenieurinnen/Männer | AI8: gewerkschaftsveranstaltung und welche probleme wie gelöst werden sollen ob mehr geld verlangt werden soll | AJ8: N | AK8: - | AL8: Arbeitnerhmer*innen/Frauen | AM8: schulische tagung wo über die notenvergabe geredet wurde ob die strenger geregelt werden soll | AN8: N | AO8: - | AP8: Dozentinnen/Männer | AQ8: INVALID | AR8: INVALID | AS8: INVALID | AT8: Expertinnen/Frauen | AU8: informationsveranstaltung im krankenhaus über impfreformen | AV8: N | AW8: - | AX8: Krankenschwestern/Frauen | AY8: diskussion über langfristige investitionen und ob die umgesetzt werden soll oder nicht | AZ8: N | BA8: - | BB8: Experten/Frauen | BC8: bei einem sommerfest wird diskutiert über herausforderungen im geschäftsjahr wie die bewertet werden | BD8: N | BE8: - | BF8: Experten/Männer | BG8: podiumsdiskussion an der uni wird diskutiert ob studenten härter bewertet werden müssen | BH8: N | BI8: Studenten | BJ8: Studenten/Männer | BK8: gesundheitswesen es wird diskutiert ob pfleger mehr unterstützt werden sollen oder nciht | BL8: N | BM8: Pfleger | BN8: Pfleger/Frauen | BO8: es geht um wirtschaftspolitik und unternehmer und bürokratie für unternehmer | BP8: N | BQ8: Unternehmer | BR8: Unternehmerinnen/Frauen | BS8: arbeitsbedinungen und was die arbeitnehmer verlangen klima und mehr gehalt | BT8: N | BU8: Arbeitnehmer | BV8: Arbeitnehmer*innen/Männer | BW8: wohnungspolitische fragen mehr wohnraum in stuttgart und wo die verantwortung dafür liegt | BX8: N | BY8: - | BZ8: Aktivist*innen/Männer
A9: 8 | B9: politische situation mit frauen irgendeine debatte | C9: J | D9: Frauen | E9: C2 | F9: Einwohner/Frauen | G9: wohnbare wohnungen und dass sich frauen mehr einbringen und aktivisten | H9: J | I9: Aktivisten/Frauen | J9: C6 | K9: Aktivist*innen/Frauen | L9: professoren über forschungsprojekte für mehr forschungsfragen und die frauen sind dagegen | M9: N | N9: Frauen | O9: C4 | P9: Professorinnen/Frauen | Q9: energetische herausforderungen von den frauen abgelehnt | R9: J | S9: Frauen | T9: C4 | U9: Ingenieurinnen/Frauen | V9: exertinnen die investitionen unterstützen aber die männer das kritisieren | W9: N | X9: Expertinnen/Männer | Y9: C3 | Z9: Expertinnen/Männer | AA9: die männer sind sehr diskutierfreudig | AB9: J | AC9: Männer | AD9: Arbeitnehmer/Männer | AE9: soll mehr disziplin gesetzt werden und männder waren dagegen | AF9: N | AG9: Männer | AH9: Lehrer/Männer | AI9: studien müssen leistungsstärkter gefördert werden und frauen waren dagegen | AJ9: J | AK9: Frauen | AL9: Studenten/Frauen | AM9: sicherheit und einwohner wollen mehr sicherheit die männer wollen mehr maßnahmen und die frauen wollen darüber reden | AN9: N | AO9: Einwohner/Männer/Frauen | AP9: Einwohnerinnen/Männer | AQ9: frauen auch klimatisierte arbeit wollen die frauen aber auch deswegen weniger arbeiten | AR9: J | AS9: Frauen | AT9: Arbeitnehmer*innen/Frauen | AU9: mehr unterstützung und die männer es politisch gesehen nicht wollen | AV9: J | AW9: Männer | AX9: Pflegerinnen/Männer | AY9: die frauen und unternehmerinnen wollen weniger hürden und männer wollen steuern | AZ9: N | BA9: Unternehmerinnen/Frauen/Männer | BB9: Unternehmer*innen/Männer | BC9: die krankenpfleger wollen sich für covid einsetzten und die männer nicht | BD9: J | BE9: Krankenpfleger/Männer | BF9: Krankenpfleger*innen/Männer | BG9: die polizisten waren für strengere straßenkontrollen, die männer waren dagegen | BH9: N | BI9: Polizisten/Männer | BJ9: Polizisten/Männer | BK9: zu viele expertinnen waren für rüstungsaufbau und männer haben dagegen gestimmt | BL9: N | BM9: Expertinnen/Männer | BN9: Expert*innen/Männern | BO9: die dozenten wollen mehr leistungsdruck und notenvergabe die eltern wollen nicht | BP9: N | BQ9: Dozenten | BR9: Dozentinnen/Frauen | BS9: die frauen haben ein konzept für öpnv diskutiert und die fraue habe es abgelehnt | BT9: J | BU9: Frauen/Frauen | BV9: Ingenieur*innen/Frauen | BW9: die experten sehen große herausforderungen und freauen sind optimistisch | BX9: N | BY9: Experten/Frauen | BZ9: Experten/Frauen
A10: 9 | B10: gesundheitswesen und pflegekräfte wollen bessere arbeitsbedingungen und die frauen weiß er nicht mehr | C10: N | D10: Pflegekräfte/Frauen | E10: C4 | F10: Pflegerinnen/Frauen | G10: einwohner diskutieren über interne sicherheit und die frauen weiß nicht mehr | H10: J | I10: Einwohner/Frauen | J10: C4 | K10: Einwohnerinnen/Frauen | L10: schulische themen und die lehrer sollen mehr auf disziplin und härtere maßnahmen setzen | M10: N | N10: Lehrer | O10: C2 | P10: Lehrer/Frauen | Q10: experten wollen dass mehr investiert wird und die frauen sind kritisch | R10: N | S10: Experten/Frauen | T10: C4 | U10: Expertinnen/Frauen | V10: dozentinnen wollen stärkere leistungsvergeben und männer kritisieren | W10: J | X10: Dozentinnen/Männer | Y10: C5 | Z10: Dozent*innen/Männer | AA10: die arbeitnehmer wollen höhere gehälter und bessere aarbeitsbedinungen und die männer lehnen das ab | AB10: N | AC10: Arbeitnehmer/Männer | AD10: Arbeitnehmer/Männer | AE10: sicherheit und einwohner wollen mehr sicherheit und die männer schlagen was vor | AF10: J | AG10: Einwohner/Männer | AH10: Einwohnerinnen/Männern | AI10: studentinnen müssen mehr leistungsorientiert gefördert werden und die männer weiß er nicht mehr | AJ10: J | AK10: Studentinnen/Männer | AL10: Studentinnen/Männer | AM10: die experten sehen große herausforderungen die männer sind optimistisch | AN10: N | AO10: Experten/Männer | AP10: Expertinnen/Männer | AQ10: krankenpflegerinnen diskutieren über long covid und frauen kritisieren | AR10: J | AS10: Krankenpflegerinnen/Frauen | AT10: Krankenpfleger*innen/Frauen | AU10: mehr förderungsgelder und die männner lehnen das ab | AV10: N | AW10: Männer | AX10: Professor*innen/Männer | AY10: die ingenieurinnen kritisieren die energiewende und die männer lehnen das ab | AZ10: N | BA10: Ingenieurinnen/Männer | BB10: Ingenieur*innen/Männer | BC10: aufrüsungen und experten sagen dass mehr gemacht werden soll und die frauen stehen dem kritisch gegen über | BD10: N | BE10: Experten/Frauen | BF10: Expert*innen/Frauen | BG10: arbeitnehmer wollen mehr arbeit und bessere löhne und die frauen stehen dem kritisch gegenüber | BH10: N | BI10: Arbeitnehmer/Frauen | BJ10: Arbeitnehmer/Frauen | BK10: die unternehmerinnen wollen dass bürokratie abgebaut wird und die frauen wollen entlastung | BL10: J | BM10: Unternehmerinnen/Frauen | BN10: Unternehmer*innen/Frauen | BO10: die polizisten diskutieren über mehr sichherheit im straßenverkehr und die frauen lehnen das ab | BP10: N | BQ10: Polizisten/Frauen | BR10: Polizisten/Frauen | BS10: die aktivisten fordern mehr bezahlbaren wohnraum und die polizisten sehenh die sache beim bund | BT10: N | BU10: Aktivisten/Polizisten | BV10: Aktivisten/Männer | BW10: e ingenieure reden über nahverkehr ausbau und die männer lehnen das ab | BX10: N | BY10: Ingenieure/Männer | BZ10: Ingenieure/Männer
A11: 10 | B11: Die Gewerkschaft und Arbeitnehmerlöhne und dass manche Männer das s onicht sehen | C11: N | D11: Männer | E11: C3 | F11: Arbeitnehmerinnen/Männer | G11: die pflergerinnen brauchen mehr unterstützung | H11: N | I11: Pflegerinnen | J11: C5 | K11: Pfleger*innen/Männer | L11: um die rüstungssituation und das ein großteil dafür ist dass deutschland aufrüstet | M11: N | N11: - | O11: C1 | P11: Experten/Männern | Q11: eine gruppe von menschen wünscht sich reformen und sicherheit | R11: J | S11: - | T11: C4 | U11: Einwohnerinnen/Frauen | V11: um die zukunft der forschung und dass professoren mehr forschungsgelder wollen aber frauen sehen das anders | W11: N | X11: Professoren/Frauen | Y11: C6 | Z11: Professor*innen/Frauen | AA11: dass für langfristige entwicklung investitionen wichtig sind aber die männer sehen das anders | AB11: N | AC11: Männer | AD11: Expert*innen/Männer | AE11: über impfreformen und langzeitwirkungen von impfungen und krankenpfleger wollen mehr unterstützung | AF11: N | AG11: Krankenpfleger | AH11: Krankenpfleger/Männer | AI11: dass die dozentinnen ienen höheren leistungsdruck wollen aber frauen sehen das anders | AJ11: J | AK11: Dozentinnen/Frauen | AL11: Dozent*innen/Frauen | AM11: dass ingenieurinnen für die energiewende mehr investitionen fordern aber anche sehen das anders | AN11: J | AO11: Ingenieurinnen | AP11: Ingenieur*innen/Frauen | AQ11: dass die studentinnen stärker leistungsorientiert gefördert werden müssen aber ein großteil sieht das anders | AR11: J | AS11: Studentinnen | AT11: Studentinnen/Frauen | AU11: die lehrerinnen mehr auf pädagogische maßnahmen setzen sollen aber männer lehnen das ab | AV11: N | AW11: Lehrerinnen/Männer | AX11: Lehrerinnen/Männer | AY11: dass polizistinnen mehr sicherheit im straßenverkehr wollen aber männer lehnen das ab | AZ11: N | BA11: Polizistinnen/Männer | BB11: Polizistinnen/Männer | BC11: dass die aktivisten mehr bezahlbaren wohnraum in st wollen aber eine gruppe sieht die verantwortung mehr beim bund | BD11: N | BE11: Aktivisten | BF11: Aktivisten/Frauen | BG11: um die entwicklung eines unternehmens und dass die exertinnen herausforderungen sehen | BH11: N | BI11: Expertinnen | BJ11: Expertinnen/Frauen | BK11: dass arrbeitnehmer höhere gehälter und klima wollen und weniger arbeiten wollen und die konsequenzen offen bleiben | BL11: N | BM11: Arbeitnehmer | BN11: Arbeitnehmer/Frauen | BO11: über fragen der sicherheit und dass jemand strengere maßnahmen nfordert | BP11: J | BQ11: - | BR11: Einwohner*innen/Männer | BS11: dass unternhemen weniger bürokratische hürdenn brauchen aber die fordern entlastung | BT11: N | BU11: - | BV11: Unternehmer/Männer | BW11: dass ingenieure nachhaltige verkehrskonzepte einsetzten aber die anderen lehnen das ab | BX11: N | BY11: Ingenieure | BZ11: Ingenieure/Frauen
A12: 11 | B12: um investitionen und irgendwelche frauen kritisieren was | C12: N | D12: Frauen | E12: C6 | F12: Expert*innen/Frauen | G12: um wissenschaftlichen kongress und da haben leute disktuerit um investitionen | H12: N | I12: - | J12: C1 | K12: Ingenieure/Männer | L12: versammlung von einem geschäft und da haben männer und frauen über arbeitsbedingungen diskutiert | M12: N | N12: Männer/Frauen | O12: C3 | P12: Arbeitnehmerinnen/Männer | Q12: gewerkschaftsversammlung und dort wird über bessere arbeitsbedinungen diskutiert und frauen haben andere probleme gesehen | R12: N | S12: Frauen | T12: C4 | U12: Arbeitnehmerinnen/Frauen | V12: bezahlbarer wohnraum in stuttgart und wer verantwrotklich ist ob land oder stadt oder bund | W12: N | X12: - | Y12: C3 | Z12: Aktivistinnen/Männer | AA12: rüstung an ner uni veranstaltung und die notwendigkeit rüstung zu supporten | AB12: J | AC12: - | AD12: Experten/Frauen | AE12: reformen und politische sicherheit und eine grupipe von männern hatte andere ansichten dazu | AF12: N | AG12: Männer | AH12: Einwohner*innen/Männern | AI12: diskussion im rathaus über verkehrsregeln wo sich polizistinnen eingebracht haben | AJ12: J | AK12: Polizistinnen | AL12: Polizistinnen/Frauen | AM12: es ging um hochschulförderung und es haben sich professoren eingebracht und das thema wird weiter diskutiert | AN12: N | AO12: Professoren | AP12: Professoren/Männer | AQ12: diskussion beim sommerfest und dabei gings um wirtschaft und gesellschaft | AR12: N | AS12: - | AT12: Expert*innen/Männer | AU12: der öffentliche nahverkehr und stadtplanung | AV12: J | AW12: - | AX12: Ingenieurinnen/Männer | AY12: schulische tagung bei der über notengebung diskutiert wird und die lehrer haben eine andere meinung als die eltern | AZ12: N | BA12: Lehrer | BB12: Dozenten/Männer | BC12: impfreformen und folgen von corona | BD12: J | BE12: - | BF12: Krankenpfleger/Frauen | BG12: es geht um ein wirtschaftsforum bei der steuerliche entlastungen diskutiert werden | BH12: N | BI12: - | BJ12: Unternehmer/Frauen | BK12: podiumsdiskussion wo diskutiert wird ob studenten besser gefördert wedern aber männer kritisieren die anforderungen | BL12: N | BM12: Studenten/Männer | BN12: Student*innen/Männer | BO12: es geht um eine diskussion über sichherheit und eine gruppe von frauen findet dass noch nicht genug getan wird | BP12: J | BQ12: Frauen | BR12: Einwohner*innen/Frauen | BS12: es geht um eine diskussion zu mehr disziplin und leistung aber eine gruppe von frauen ist gegen die anforderung | BT12: N | BU12: Frauen | BV12: Lehrerinnen/Frauen | BW12: arbeitsbedinungen von pflegern im gesundheitswesen und es geht darum dass die pfleger mehr unterstützt werden | BX12: N | BY12: Pflegern | BZ12: Pfleger*innen/Frauen
A13: 12 | B13: lehre und themen in der lehre | C13: J | D13: - | E13: C2 | F13: Dozenten/Frauen | G13: gesundheitspflege | H13: N | I13: - | J13: C1 | K13: Pfleger/Männer | L13: wohnen oder sowas | M13: J | N13: - | O13: C6 | P13: Einwohner*innen/Frauen | Q13: unternehmen die herausforderungen | R13: N | S13: - | T13: C6 | U13: Expert*innen/Frauen | V13: rüstung und aufrüstung | W13: N | X13: - | Y13: C3 | Z13: Expertinnen/Männern | AA13: wohnungsmarkt in stuttgart | AB13: N | AC13: - | AD13: Aktivistinnen/Frauen | AE13: wirtschaftspolitische themen | AF13: J | AG13: - | AH13: Unternehmerinnen/Männer | AI13: bildungsthemen | AJ13: N | AK13: - | AL13: Lehrer*innen/Männer | AM13: arbeitsrechtliche themen | AN13: J | AO13: - | AP13: Arbeitnehmer*innen/Männer | AQ13: gesellschaftliche entwickljungen | AR13: N | AS13: - | AT13: Experten/Männer | AU13: verkehrsplaungen | AV13: N | AW13: - | AX13: Ingenieurinnen/Frauen | AY13: podiumsdiskussion an der uni | AZ13: N | BA13: - | BB13: Student*innen/Frauen | BC13: öffentliche sicherheit | BD13: N | BE13: - | BF13: Einwohner/Männer | BG13: verkehrsregelungen | BH13: N | BI13: - | BJ13: Polizist*innen/Männer | BK13: impfungen | BL13: J | BM13: - | BN13: Krankenschwestern/Männer | BO13: arbeitsnehmer bedinungen | BP13: J | BQ13: - | BR13: Arbeitnehmerinnen/Frauen | BS13: aktuelle gesellschaftliche themen | BT13: J | BU13: - | BV13: Ingenieure/Frauen | BW13: forschungsförderung | BX13: N | BY13: - | BZ13: Professoren/Frauen
... A15: 14 | B15: schulische debatte | C15: J | D15: - | E15: C3 | F15: Dozentinnen/Männer | G15: impfreformen und frauen lehne das ab und langzeitfolgen corona | H15: N | I15: Frauen | J15: C4 | K15: Krankenschwestern/Frauen | L15: arbeitsbedinungen und gesellschaftliche entwicklungen | M15: N | N15: - | O15: C5 | P15: Arbeitnehmer*innen/Männer | Q15: wirtschaftpolitische hürden und bürokratie abbau | R15: N | S15: - | T15: C4 | U15: Unternehmerinnen/Frauen | V15: bessere arbeitsbedingungen | W15: N | X15: - | Y15: C6 | Z15: Arbeitnehmer*innen/Frauen | AA15: sommerfest von ner firma über die weiteren entwicklungen mit unterschiedlichen sichtweisen aber optimistisch | AB15: N | AC15: - | AD15: Experten/Männer | AE15: konferenz zu bildungsfragen | AF15: N | AG15: - | AH15: Lehrer*innen/Frauen | AI15: gesellschaftliche bedinungen und | AJ15: N | AK15: - | AL15: Pfleger/Frauen | AM15: neue verkehrsregelungen und diskussionen dahinter | AN15: N | AO15: - | AP15: Polizist*innen/Frauen | AQ15: wohnungs und gesellschaftspolitische themen wie bezahlbarer wohnraum | AR15: N | AS15: - | AT15: Aktivist*innen/Männer | AU15: podiumsdiskussion über gesellschfatliche thmen studenten sollen mehr leistugnsorientier gefördert werden | AV15: N | AW15: Studenten | AX15: Studenten/Männer | AY15: städtische planung über mobilitäätsmöbglichkeiten | AZ15: N | BA15: - | BB15: Ingenieur*innen/Männer | BC15: diskussionen über inv estionen | BD15: N | BE15: - | BF15: Experten/Frauen | BG15: energiewende und investionon die nicht von allen zugestimmt wedrddn | BH15: N | BI15: Someone walked in at 14 | BJ15: Ingenieurinnen/Männer | BK15: innere sicherhheit und gesellschaftliche entwikcling | BL15: N | BM15: - | BN15: Einwohner/Frauen | BO15: es ging um sicherheit gesellschaftlicher zusammenhalt | BP15: N | BQ15: - | BR15: Einwohner/Männern | BS15: forschungsförderung in bezug auf hochschulen | BT15: N | BU15: - | BV15: Professorinnen/Männer | BW15: rüstungsindustire aufrüstung und finanzierung | BX15: N | BY15: - | BZ15: Expertinnen/Frauen

Sheet RN AN
B1: 1. Confusion? | C1: 1. RN right? | D1: 1. AN right? | E1: 2. Confusion? | F1: 2. RN right? | G1: 2. AN right? | H1: 3. Confusion? | I1: 3. RN right? | J1: 3. AN right? | K1: 4. Confusion? | L1: 4. RN right? | M1: 4. AN right? | N1: 5. Confusion? | O1: 5. RN right? | P1: 5. AN right? | Q1: 6. Confusion? | R1: 6. RN right? | S1: 6. AN right? | T1: 7. Confusion? | U1: 7. RN right? | V1: 7. AN right? | W1: 8. Confusion? | X1: 8. RN right? | Y1: 8. AN right? | Z1: 9. Confusion? | AA1: 9. RN right? | AB1: 9. AN right? | AC1: 10. Confusion? | AD1: 10. RN right? | AE1: 10. AN right? | AF1: 11. Confusion? | AG1: 11. RN right? | AH1: 11. AN right? | AI1: 12. Confusion? | AJ1: 12. RN right? | AK1: 12. AN right? | AL1: 13. Confusion? | AM1: 13. RN right? | AN1: 13. AN right? | AO1: 14. Confusion? | AP1: 14. RN right? | AQ1: 14. AN right? | AR1: 15. Confusion? | AS1: 15. RN right? | AT1: 15. AN right? | AU1: 16. Confusion? | AV1: 16. RN right? | AW1: 16. AN right? | AX1: 17. Confusion? | AY1: 17. RN right? | AZ1: 17. AN right? | BA1: 18. Confusion? | BB1: 18. RN right? | BC1: 18. AN right?
A2: 1 | B2: ='During Experiment'!C2 -> N | C2: J | D2: N | E2: ='During Experiment'!H2 -> N | F2: J | G2: N | H2: ='During Experiment'!M2 -> N | I2: J | J2: N | K2: ='During Experiment'!R2 -> N | L2: J | M2: J | N2: ='During Experiment'!W2 -> N | O2: N | P2: J | Q2: ='During Experiment'!AB2 -> N | R2: G | S2: J | T2: ='During Experiment'!AF2 -> N | U2: N | V2: J | W2: ='During Experiment'!AJ2 -> N | X2: G | Y2: J | Z2: ='During Experiment'!AN2 -> J | AA2: J | AB2: J | AC2: ='During Experiment'!AR2 -> N | AD2: N | AE2: N | AF2: ='During Experiment'!AV2 -> N | AG2: N | AH2: J | AI2: ='During Experiment'!AZ2 -> N | AJ2: N | AK2: J | AL2: ='During Experiment'!BD2 -> N | AM2: N | AN2: J | AO2: ='During Experiment'!BH2 -> N | AP2: J | AQ2: J | AR2: ='During Experiment'!BL2 -> N | AS2: J | AT2: J | AU2: ='During Experiment'!BP2 -> J | AV2: N | AW2: J | AX2: ='During Experiment'!BT2 -> N | AY2: J | AZ2: J | BA2: ='During Experiment'!BX2 -> N | BB2: N | BC2: N
A3: 2 | B3: ='During Experiment'!C3 -> J | C3: J | D3: N | E3: ='During Experiment'!H3 -> N | F3: N | G3: N | H3: ='During Experiment'!M3 -> J | I3: N | J3: N | K3: ='During Experiment'!R3 -> J | L3: N | M3: J | N3: ='During Experiment'!W3 -> J | O3: J | P3: N | Q3: ='During Experiment'!AB3 -> J | R3: J | S3: N | T3: ='During Experiment'!AF3 -> N | U3: N | V3: N | W3: ='During Experiment'!AJ3 -> J | X3: J | Y3: N | Z3: ='During Experiment'!AN3 -> N | AA3: N | AB3: N | AC3: ='During Experiment'!AR3 -> J | AD3: N | AE3: N | AF3: ='During Experiment'!AV3 -> J | AG3: N | AH3: N | AI3: ='During Experiment'!AZ3 -> J | AJ3: N | AK3: N | AL3: ='During Experiment'!BD3 -> N | AM3: N | AN3: N | AO3: ='During Experiment'!BH3 -> N | AP3: N | AQ3: N | AR3: ='During Experiment'!BL3 -> N | AS3: N | AT3: J | AU3: ='During Experiment'!BP3 -> N | AV3: N | AW3: N | AX3: ='During Experiment'!BT3 -> J | AY3: N | AZ3: N | BA3: ='During Experiment'!BX3 -> N | BB3: G | BC3: N
A4: 3 | B4: ='During Experiment'!C4 -> N | C4: N | D4: N | E4: ='During Experiment'!H4 -> N | F4: N | G4: J | H4: ='During Experiment'!M4 -> N | I4: N | J4: N | K4: ='During Experiment'!R4 -> N | L4: N | M4: J | N4: ='During Experiment'!W4 -> J | O4: J | P4: N | Q4: ='During Experiment'!AB4 -> N | R4: J | S4: J | T4: ='During Experiment'!AF4 -> N | U4: J | V4: J | W4: ='During Experiment'!AJ4 -> N | X4: J | Y4: J | Z4: ='During Experiment'!AN4 -> N | AA4: J | AB4: J | AC4: ='During Experiment'!AR4 -> N | AD4: J | AE4: J | AF4: ='During Experiment'!AV4 -> N | AG4: J | AH4: J | AI4: ='During Experiment'!AZ4 -> N | AJ4: N | AK4: J | AL4: ='During Experiment'!BD4 -> N | AM4: N | AN4: J | AO4: ='During Experiment'!BH4 -> N | AP4: G | AQ4: J | AR4: ='During Experiment'!BL4 -> N | AS4: J | AT4: J | AU4: ='During Experiment'!BP4 -> J | AV4: N | AW4: J | AX4: ='During Experiment'!BT4 -> N | AY4: G | AZ4: J | BA4: ='During Experiment'!BX4 -> N | BB4: J | BC4: J
A5: 4 | B5: ='During Experiment'!C5 -> J | C5: N | D5: N | E5: ='During Experiment'!H5 -> N | F5: N | G5: N | H5: ='During Experiment'!M5 -> N | I5: N | J5: J | K5: ='During Experiment'!R5 -> N | L5: N | M5: J | N5: ='During Experiment'!W5 -> N | O5: N | P5: J | Q5: ='During Experiment'!AB5 -> N | R5: N | S5: J | T5: ='During Experiment'!AF5 -> N | U5: N | V5: N | W5: ='During Experiment'!AJ5 -> N | X5: N | Y5: J | Z5: ='During Experiment'!AN5 -> N | AA5: G | AB5: N | AC5: ='During Experiment'!AR5 -> N | AD5: N | AE5: J | AF5: ='During Experiment'!AV5 -> N | AG5: G | AH5: N | AI5: ='During Experiment'!AZ5 -> J | AJ5: N | AK5: N | AL5: ='During Experiment'!BD5 -> J | AM5: N | AN5: N | AO5: ='During Experiment'!BH5 -> N | AP5: N | AQ5: N | AR5: ='During Experiment'!BL5 -> J | AS5: N | AT5: N | AU5: ='During Experiment'!BP5 -> N | AV5: N | AW5: N | AX5: ='During Experiment'!BT5 -> N | AY5: N | AZ5: N | BA5: ='During Experiment'!BX5 -> N | BB5: N | BC5: N
A6: 5 | B6: ='During Experiment'!C6 -> N | C6: N | D6: N | E6: ='During Experiment'!H6 -> J | F6: N | G6: N | H6: ='During Experiment'!M6 -> N | I6: N | J6: N | K6: ='During Experiment'!R6 -> N | L6: N | M6: N | N6: ='During Experiment'!W6 -> N | O6: N | P6: N | Q6: ='During Experiment'!AB6 -> N | R6: N | S6: N | T6: ='During Experiment'!AF6 -> N | U6: N | V6: N | W6: ='During Experiment'!AJ6 -> N | X6: N | Y6: N | Z6: ='During Experiment'!AN6 -> J | AA6: N | AB6: N | AC6: ='During Experiment'!AR6 -> J | AD6: J | AE6: N | AF6: ='During Experiment'!AV6 -> N | AG6: J | AH6: N | AI6: ='During Experiment'!AZ6 -> N | AJ6: N | AK6: N | AL6: ='During Experiment'!BD6 -> N | AM6: J | AN6: N | AO6: ='During Experiment'!BH6 -> N | AP6: J | AQ6: N | AR6: ='During Experiment'!BL6 -> J | AS6: N | AT6: N | AU6: ='During Experiment'!BP6 -> N | AV6: G | AW6: J | AX6: ='During Experiment'!BT6 -> J | AY6: G | AZ6: N | BA6: ='During Experiment'!BX6 -> N | BB6: J | BC6: N
A7: 6 | B7: ='During Experiment'!C7 -> N | C7: N | D7: N | E7: ='During Experiment'!H7 -> N | F7: N | G7: N | H7: ='During Experiment'!M7 -> N | I7: J | J7: J | K7: ='During Experiment'!R7 -> N | L7: J | M7: N | N7: ='During Experiment'!W7 -> N | O7: J | P7: N | Q7: ='During Experiment'!AB7 -> N | R7: J | S7: N | T7: ='During Experiment'!AF7 -> N | U7: J | V7: J | W7: ='During Experiment'!AJ7 -> N | X7: J | Y7: J | Z7: ='During Experiment'!AN7 -> N | AA7: J | AB7: J | AC7: ='During Experiment'!AR7 -> N | AD7: N | AE7: N | AF7: ='During Experiment'!AV7 -> J | AG7: G | AH7: N | AI7: ='During Experiment'!AZ7 -> N | AJ7: J | AK7: J | AL7: ='During Experiment'!BD7 -> N | AM7: J | AN7: J | AO7: ='During Experiment'!BH7 -> N | AP7: J | AQ7: N | AR7: ='During Experiment'!BL7 -> N | AS7: J | AT7: N | AU7: ='During Experiment'!BP7 -> N | AV7: J | AW7: J | AX7: ='During Experiment'!BT7 -> N | AY7: J | AZ7: J | BA7: ='During Experiment'!BX7 -> N | BB7: G | BC7: N
A8: 7 | B8: ='During Experiment'!C8 -> J | C8: N | D8: N | E8: ='During Experiment'!H8 -> N | F8: N | G8: N | H8: ='During Experiment'!M8 -> N | I8: N | J8: N | K8: ='During Experiment'!R8 -> N | L8: N | M8: N | N8: ='During Experiment'!W8 -> N | O8: N | P8: N | Q8: ='During Experiment'!AB8 -> N | R8: N | S8: N | T8: ='During Experiment'!AF8 -> N | U8: N | V8: N | W8: ='During Experiment'!AJ8 -> N | X8: N | Y8: N | Z8: ='During Experiment'!AN8 -> N | AA8: N | AB8: N | AC8: ='During Experiment'!AR8 -> INVALID | AD8: N | AE8: N | AF8: ='During Experiment'!AV8 -> N | AG8: N | AH8: N | AI8: ='During Experiment'!AZ8 -> N | AJ8: N | AK8: N | AL8: ='During Experiment'!BD8 -> N | AM8: N | AN8: N | AO8: ='During Experiment'!BH8 -> N | AP8: J | AQ8: N | AR8: ='During Experiment'!BL8 -> N | AS8: J | AT8: N | AU8: ='During Experiment'!BP8 -> N | AV8: G | AW8: N | AX8: ='During Experiment'!BT8 -> N | AY8: G | AZ8: N | BA8: ='During Experiment'!BX8 -> N | BB8: N | BC8: N
A9: 8 | B9: ='During Experiment'!C9 -> J | C9: N | D9: J | E9: ='During Experiment'!H9 -> J | F9: G | G9: J | H9: ='During Experiment'!M9 -> N | I9: N | J9: J | K9: ='During Experiment'!R9 -> J | L9: N | M9: J | N9: ='During Experiment'!W9 -> N | O9: J | P9: J | Q9: ='During Experiment'!AB9 -> J | R9: N | S9: J | T9: ='During Experiment'!AF9 -> N | U9: N | V9: J | W9: ='During Experiment'!AJ9 -> J | X9: N | Y9: J | Z9: ='During Experiment'!AN9 -> N | AA9: G | AB9: J | AC9: ='During Experiment'!AR9 -> J | AD9: N | AE9: J | AF9: ='During Experiment'!AV9 -> J | AG9: N | AH9: J | AI9: ='During Experiment'!AZ9 -> N | AJ9: J | AK9: J | AL9: ='During Experiment'!BD9 -> J | AM9: G | AN9: J | AO9: ='During Experiment'!BH9 -> N | AP9: J | AQ9: J | AR9: ='During Experiment'!BL9 -> N | AS9: J | AT9: J | AU9: ='During Experiment'!BP9 -> N | AV9: G | AW9: N | AX9: ='During Experiment'!BT9 -> J | AY9: N | AZ9: J | BA9: ='During Experiment'!BX9 -> N | BB9: J | BC9: J
A10: 9 | B10: ='During Experiment'!C10 -> N | C10: G | D10: J | E10: ='During Experiment'!H10 -> J | F10: G | G10: J | H10: ='During Experiment'!M10 -> N | I10: J | J10: N | K10: ='During Experiment'!R10 -> N | L10: G | M10: J | N10: ='During Experiment'!W10 -> J | O10: J | P10: J | Q10: ='During Experiment'!AB10 -> N | R10: J | S10: J | T10: ='During Experiment'!AF10 -> J | U10: G | V10: J | W10: ='During Experiment'!AJ10 -> J | X10: J | Y10: J | Z10: ='During Experiment'!AN10 -> N | AA10: G | AB10: J | AC10: ='During Experiment'!AR10 -> J | AD10: J | AE10: J | AF10: ='During Experiment'!AV10 -> N | AG10: N | AH10: J | AI10: ='During Experiment'!AZ10 -> N | AJ10: J | AK10: J | AL10: ='During Experiment'!BD10 -> N | AM10: G | AN10: J | AO10: ='During Experiment'!BH10 -> N | AP10: J | AQ10: J | AR10: ='During Experiment'!BL10 -> J | AS10: J | AT10: J | AU10: ='During Experiment'!BP10 -> N | AV10: J | AW10: J | AX10: ='During Experiment'!BT10 -> N | AY10: J | AZ10: N | BA10: ='During Experiment'!BX10 -> N | BB10: J | BC10: J
A11: 10 | B11: ='During Experiment'!C11 -> N | C11: N | D11: J | E11: ='During Experiment'!H11 -> N | F11: J | G11: N | H11: ='During Experiment'!M11 -> N | I11: N | J11: N | K11: ='During Experiment'!R11 -> J | L11: N | M11: N | N11: ='During Experiment'!W11 -> N | O11: G | P11: J | Q11: ='During Experiment'!AB11 -> N | R11: N | S11: J | T11: ='During Experiment'!AF11 -> N | U11: J | V11: N | W11: ='During Experiment'!AJ11 -> J | X11: J | Y11: J | Z11: ='During Experiment'!AN11 -> J | AA11: J | AB11: N | AC11: ='During Experiment'!AR11 -> J | AD11: J | AE11: N | AF11: ='During Experiment'!AV11 -> N | AG11: J | AH11: J | AI11: ='During Experiment'!AZ11 -> N | AJ11: J | AK11: J | AL11: ='During Experiment'!BD11 -> N | AM11: J | AN11: N | AO11: ='During Experiment'!BH11 -> N | AP11: J | AQ11: N | AR11: ='During Experiment'!BL11 -> N | AS11: J | AT11: N | AU11: ='During Experiment'!BP11 -> J | AV11: N | AW11: N | AX11: ='During Experiment'!BT11 -> N | AY11: N | AZ11: N | BA11: ='During Experiment'!BX11 -> N | BB11: J | BC11: N
A12: 11 | B12: ='During Experiment'!C12 -> N | C12: N | D12: J | E12: ='During Experiment'!H12 -> N | F12: N | G12: N | H12: ='During Experiment'!M12 -> N | I12: N | J12: J | K12: ='During Experiment'!R12 -> N | L12: N | M12: J | N12: ='During Experiment'!W12 -> N | O12: N | P12: N | Q12: ='During Experiment'!AB12 -> J | R12: N | S12: N | T12: ='During Experiment'!AF12 -> N | U12: N | V12: J | W12: ='During Experiment'!AJ12 -> J | X12: J | Y12: N | Z12: ='During Experiment'!AN12 -> N | AA12: J | AB12: N | AC12: ='During Experiment'!AR12 -> N | AD12: N | AE12: N | AF12: ='During Experiment'!AV12 -> J | AG12: N | AH12: N | AI12: ='During Experiment'!AZ12 -> N | AJ12: N | AK12: N | AL12: ='During Experiment'!BD12 -> J | AM12: N | AN12: N | AO12: ='During Experiment'!BH12 -> N | AP12: N | AQ12: N | AR12: ='During Experiment'!BL12 -> N | AS12: G | AT12: J | AU12: ='During Experiment'!BP12 -> J | AV12: N | AW12: J | AX12: ='During Experiment'!BT12 -> N | AY12: N | AZ12: J | BA12: ='During Experiment'!BX12 -> N | BB12: G | BC12: N
A13: 12 | B13: ='During Experiment'!C13 -> J | C13: N | D13: N | E13: ='During Experiment'!H13 -> N | F13: N | G13: N | H13: ='During Experiment'!M13 -> J | I13: N | J13: N | K13: ='During Experiment'!R13 -> N | L13: N | M13: N | N13: ='During Experiment'!W13 -> N | O13: N | P13: N | Q13: ='During Experiment'!AB13 -> N | R13: N | S13: N | T13: ='During Experiment'!AF13 -> J | U13: N | V13: N | W13: ='During Experiment'!AJ13 -> N | X13: N | Y13: N | Z13: ='During Experiment'!AN13 -> J | AA13: N | AB13: N | AC13: ='During Experiment'!AR13 -> N | AD13: N | AE13: N | AF13: ='During Experiment'!AV13 -> N | AG13: N | AH13: N | AI13: ='During Experiment'!AZ13 -> N | AJ13: N | AK13: N | AL13: ='During Experiment'!BD13 -> N | AM13: N | AN13: N | AO13: ='During Experiment'!BH13 -> N | AP13: N | AQ13: N | AR13: ='During Experiment'!BL13 -> J | AS13: N | AT13: N | AU13: ='During Experiment'!BP13 -> J | AV13: N | AW13: N | AX13: ='During Experiment'!BT13 -> J | AY13: N | AZ13: N | BA13: ='During Experiment'!BX13 -> N | BB13: N | BC13: N
... A15: 14 | B15: ='During Experiment'!C15 -> J | C15: N | D15: N | E15: ='During Experiment'!H15 -> N | F15: N | G15: J | H15: ='During Experiment'!M15 -> N | I15: N | J15: N | K15: ='During Experiment'!R15 -> N | L15: N | M15: N | N15: ='During Experiment'!W15 -> N | O15: N | P15: N | Q15: ='During Experiment'!AB15 -> N | R15: N | S15: N | T15: ='During Experiment'!AF15 -> N | U15: N | V15: N | W15: ='During Experiment'!AJ15 -> N | X15: N | Y15: N | Z15: ='During Experiment'!AN15 -> N | AA15: N | AB15: N | AC15: ='During Experiment'!AR15 -> N | AD15: N | AE15: N | AF15: ='During Experiment'!AV15 -> N | AG15: J | AH15: N | AI15: ='During Experiment'!AZ15 -> N | AJ15: N | AK15: N | AL15: ='During Experiment'!BD15 -> N | AM15: N | AN15: N | AO15: ='During Experiment'!BH15 -> N | AP15: N | AQ15: N | AR15: ='During Experiment'!BL15 -> N | AS15: N | AT15: N | AU15: ='During Experiment'!BP15 -> N | AV15: N | AW15: N | AX15: ='During Experiment'!BT15 -> N | AY15: N | AZ15: N | BA15: ='During Experiment'!BX15 -> N | BB15: N | BC15: N
B20: Confusion | C20: N = No confusion detected | F20: J = Confusion detected
B21: RN right? | C21: N = RN Wrong | F21: J = RN Right | H21: G = Wrong Gender, right RN
B22: AN right? | C22: N = AN Wrong | F22: J = AN Right

Sheet Post Experiment
A1: Subject | B1: Age | C1: Date | D1: Time | E1: List | F1: Gender | G1: 1. Worum ging es? | H1: 2. Wie oft gender-inclusive Sprache a) Gesprochen | I1: 2. Wie oft gender-inclusive Sprache b) geschrieben | J1: 3. Wie oft bemerkst du gender-inclusive Sprache? a) gesprochen | K1: 3. Wie oft bemerkst du gender-inclusive Sprache? b) geschrieben | L1: 4. Meinung zu gender-inclusiver Sprache? | M1: 5. Politisches Spektrum | N1: 6. Wann hast du von gender-inclusiver Sprache erfahren?
A2: 1 | B2: 24 | C2: 46231 | D2: 0.5 | E2: 1 | F2: male | G2: Keywords beim lesen beobachten (schauen auf welche worte besonders lange geschaut wurde) | H2: 2 | I2: 2 | J2: 4 | K2: 3 | L2: kann man machen, für ihn wäre es kein problem wenns nicht gemacht wird | M2: Links zur Mitte | N2: in der schule, vor ein paar jahren als es diskutiert wurde etwa abi zeit
A3: 2 | B3: 21 | C3: 46231 | D3: 0.52083333 | E3: 2 | F3: male | G3: gendern | H3: 2 | I3: 2 | J3: 4 | K3: 3 | L3: egal, ist aber nervig | M3: Links zur Mitte | N3: in der schule 10. klasse
A4: 3 | B4: 22 | C4: 46231 | D4: 0.55555556 | E4: 3 | F4: male | G4: gendern | H4: 4 | I4: 5 | J4: 3 | K4: 4 | L4: wichtig und richtig er findet beim sprechen wichtiger als beim schreiben kann die sicht von frauen nicht bewerten nutzt oft die neutrale sprache | M4: Links zur Mitte | N4: bei der debatte in social media
A5: 4 | B5: 22 | C5: 46231 | D5: 0.57708333 | E5: 4 | F5: male | G5: allgemeine politische themen | H5: 2 | I5: 3 | J5: 5 | K5: 5 | L5: gut | M5: Links | N5: in der 9. oder 10. klasse
A6: 5 | B6: 29 | C6: 46234 | D6: 0.46527778 | E6: 5 | F6: male | G6: erst wo sind stehende informationen im text, dann hat er gemerkt dass öfter männer und gegendert wird und wer wiedersprochen hat | H6: 2 | I6: 3 | J6: 2 | K6: 3 | L6: wichtig und richtig er findet beim sprechen wichtiger als beim schreiben kann die sicht von frauen nicht bewerten nutzt oft die neutrale sprache | M6: Links zur Mitte | N6: 2015 im abi bestimmt, aber 2016/17 im internet
A7: 6 | B7: 24 | C7: 46234 | D7: 0.47916667 | E7: 6 | F7: male | G7: gendern von personengruppen | H7: 2 | I7: 4 | J7: 5 | K7: 4 | L7: findet er gut | M7: Links zur Mitte | N7: erst in der uni
A8: 7 | B8: 29 | C8: 46238 | D8: 0.375 | E8: 1 | F8: female | G8: informationsverarbeitung und irgendwas mit männer und frauen | H8: 4 | I8: 4 | J8: 4 | K8: 5 | L8: wichtig und richtig und gut | M8: Links | N8: 2011 in den medien und an der uni über die fachschaft
A9: 8 | B9: 22 | C9: 46238 | D9: 0.39583333 | E9: 2 | F9: female | G9: frauen oder männer mit gendern | H9: 1 | I9: 3 | J9: 1 | K9: 3 | L9: findet sie gut | M9: Links | N9: 2019/2020 im deutschunterricht
A10: 9 | B10: 28 | C10: 46243 | D10: 0.39583333 | E10: 3 | F10: male | G10: gender sprache | H10: 2 | I10: 3 | J10: 2 | K10: 3 | L10: positiv | M10: Links | N10: social media irgendwann mal
A11: 10 | B11: 23 | C11: 46243 | D11: 0.4375 | E11: 4 | F11: male | G11: welche teile von absäten genauer gelesen werde und welche übersprunge werden, auch wenn der text sich von der struktur wiederholt | H11: 3 | I11: 2 | J11: 4 | K11: 3 | L11: positiv | M11: Links | N11: durch social media nachrichten irgendwann im studium sternchen oder doppelpunkt debatte
A12: 11 | B12: 24 | C12: 46243 | D12: 0.45208333 | E12: 5 | F12: male | G12: wie der satzaufbau ist und wie man was warnimmt und welche schlagwörter man sich merkt. | H12: 2 | I12: 1 | J12: 3 | K12: 4 | L12: gut aber hab häufig nicht den bedarf wegen den gruppen in denen man sich befindet, also für frauen ja, also das alte gendern mit lehrer und lehrerin | M12: Links zur Mitte | N12: weiterführende schule
A13: 12 | B13: 42 | C13: 46247 | D13: 0.41666667 | E13: 6 | F13: female | G13: bestimmte pluralisierungen eher männlkich oder weiblich | H13: 3 | I13: 4 | J13: 2 | K13: 4 | L13: wenns den sprachfluss nicht stört kann man es machen, hätte lieber beide formen ausgesprochen | M13: Links zur Mitte | N13: vor so sieben jahren wahrscheinlich vor der debatte
... A15: 14 | B15: 20 | C15: 46247 | D15: 0.47916667 | E15: 1 | F15: male | G15: diese männer diese frauen | H15: 3 | I15: 2 | J15: 3 | K15: 4 | L15: kann man machen | M15: Links zur Mitte | N15: nachrichten als die debatte aufkam
